file, flx, int, scn, esubw_oth, sector, seniority,short, value
"sm_test","IA","IA","skl",44.8579445798599
"sm_test","IA","IA","unskl",12.3309508290862
"sm_test","IA","OH","skl",2.17925908521712
"sm_test","IA","OH","unskl",0.514416269112256
"sm_test","IA","WI","skl",1.67994472169771
"sm_test","IA","WI","unskl",0.444271137234454
"sm_test","IA","NE","skl",0.80211003628522
"sm_test","IA","NE","unskl",0.296181089157234
"sm_test","IA","IL","skl",2.31540387372833
"sm_test","IA","IL","unskl",0.532931114966773
"sm_test","IA","MI","skl",1.9494545697168
"sm_test","IA","MI","unskl",0.482679922877275
"sm_test","IA","SD","skl",0.352861926023515
"sm_test","IA","SD","unskl",0.17915257317185
"sm_test","IA","MN","skl",1.82516123264485
"sm_test","IA","MN","unskl",0.465163437700797
"sm_test","IA","MO","skl",1.79094366230433
"sm_test","IA","MO","unskl",0.460286120934378
"sm_test","IA","IN","skl",1.64572067890614
"sm_test","IA","IN","unskl",0.439266798061157
"sm_test","IA","KS","skl",1.51313898147382
"sm_test","IA","KS","unskl",0.419529157925451
"sm_test","IA","ND","skl",0.621711388977478
"sm_test","IA","ND","unskl",0.255604684672674
"sm_test","OH","IA","skl",1.18646171193433
"sm_test","OH","IA","unskl",0.645270147803281
"sm_test","OH","OH","skl",177.859540862237
"sm_test","OH","OH","unskl",44.6297850115573
"sm_test","OH","WI","skl",4.74397072200499
"sm_test","OH","WI","unskl",1.48529622172011
"sm_test","OH","NE","skl",1.21908756324227
"sm_test","OH","NE","unskl",0.6574631969761
"sm_test","OH","IL","skl",19.8303733218382
"sm_test","OH","IL","unskl",3.160598827884
"sm_test","OH","MI","skl",7.5949601479204
"sm_test","OH","MI","unskl",1.88943209159891
"sm_test","OH","SD","skl",0.428177840325405
"sm_test","OH","SD","unskl",0.300283720197931
"sm_test","OH","MN","skl",6.0415941405028
"sm_test","OH","MN","unskl",1.68239962480833
"sm_test","OH","MO","skl",5.69541928342566
"sm_test","OH","MO","unskl",1.63246002802553
"sm_test","OH","IN","skl",4.49356378633104
"sm_test","OH","IN","unskl",1.44362775546129
"sm_test","OH","KS","skl",3.66592031076117
"sm_test","OH","KS","unskl",1.29442425577542
"sm_test","OH","ND","skl",0.860905557402764
"sm_test","OH","ND","unskl",0.513601412688424
"sm_test","WI","IA","skl",1.02240897061907
"sm_test","WI","IA","unskl",0.475031857971304
"sm_test","WI","OH","skl",4.99745998071172
"sm_test","WI","OH","unskl",1.11964577571167
"sm_test","WI","WI","skl",86.2167499004135
"sm_test","WI","WI","unskl",24.1480234476833
"sm_test","WI","NE","skl",1.04704369537116
"sm_test","WI","NE","unskl",0.482233854864807
"sm_test","WI","IL","skl",5.76089476016557
"sm_test","WI","IL","unskl",1.19907943949089
"sm_test","WI","MI","skl",3.9551662879595
"sm_test","WI","MI","unskl",0.999536860742056
"sm_test","WI","SD","skl",0.401213477910067
"sm_test","WI","SD","unskl",0.248166903857832
"sm_test","WI","MN","skl",3.48844553593622
"sm_test","WI","MN","unskl",0.939697969258451
"sm_test","WI","MO","skl",3.36960621022551
"sm_test","WI","MO","unskl",0.923685188909133
"sm_test","WI","IN","skl",2.90512393450069
"sm_test","WI","IN","unskl",0.857416693540318
"sm_test","WI","KS","skl",2.52971024591232
"sm_test","WI","KS","unskl",0.798630138677386
"sm_test","WI","ND","skl",0.767647644131431
"sm_test","WI","ND","unskl",0.393945086657357
"sm_test","NE","IA","skl",0.599590175643549
"sm_test","NE","IA","unskl",0.196274187641773
"sm_test","NE","OH","skl",1.18684672497992
"sm_test","NE","OH","unskl",0.272581846100154
"sm_test","NE","WI","skl",1.02206147252688
"sm_test","NE","WI","unskl",0.254213208065689
"sm_test","NE","NE","skl",27.4740911464552
"sm_test","NE","NE","unskl",7.21923542460937
"sm_test","NE","IL","skl",1.22547617458575
"sm_test","NE","IL","unskl",0.276669643845632
"sm_test","NE","MI","skl",1.11586732960508
"sm_test","NE","MI","unskl",0.264866634679419
"sm_test","NE","SD","skl",0.305437513664208
"sm_test","NE","SD","unskl",0.135355366758207
"sm_test","NE","MN","skl",1.07413109523885
"sm_test","NE","MN","unskl",0.260195444728452
"sm_test","NE","MO","skl",1.06219363664534
"sm_test","NE","MO","unskl",0.258839596827999
"sm_test","NE","IN","skl",1.0092360620161
"sm_test","NE","IN","unskl",0.252711576650113
"sm_test","NE","KS","skl",0.957417109715585
"sm_test","NE","KS","unskl",0.246522107188223
"sm_test","NE","ND","skl",0.496186694026832
"sm_test","NE","ND","unskl",0.177929979156974
"sm_test","IL","IA","skl",1.21914688067279
"sm_test","IL","IA","unskl",0.640910485442904
"sm_test","IL","OH","skl",19.6670036494554
"sm_test","IL","OH","unskl",2.83774454306505
"sm_test","IL","WI","skl",5.34862782065197
"sm_test","IL","WI","unskl",1.56355494616163
"sm_test","IL","NE","skl",1.25369707925621
"sm_test","IL","NE","unskl",0.653544353918062
"sm_test","IL","IL","skl",247.552434235191
"sm_test","IL","IL","unskl",48.2296544904891
"sm_test","IL","MI","skl",9.36139787804794
"sm_test","IL","MI","unskl",2.04866478328988
"sm_test","IL","SD","skl",0.431582061507105
"sm_test","IL","SD","unskl",0.292915649981523
"sm_test","IL","MN","skl",7.07894770359149
"sm_test","IL","MN","unskl",1.79604410060902
"sm_test","IL","MO","skl",6.60304625910465
"sm_test","IL","MO","unskl",1.7364684604382
"sm_test","IL","IN","skl",5.0306204793881
"sm_test","IL","IN","unskl",1.51526326340098
"sm_test","IL","KS","skl",4.01226287110717
"sm_test","IL","KS","unskl",1.3445910365915
"sm_test","IL","ND","skl",0.877379692407935
"sm_test","IL","ND","unskl",0.505930952027888
"sm_test","MI","IA","skl",1.1462349130114
"sm_test","MI","IA","unskl",0.598159288875727
"sm_test","MI","OH","skl",10.5015068805068
"sm_test","MI","OH","unskl",1.92901732508434
"sm_test","MI","WI","skl",4.32416367792679
"sm_test","MI","WI","unskl",1.28664931352971
"sm_test","MI","NE","skl",1.1769418214614
"sm_test","MI","NE","unskl",0.608939659492158
"sm_test","MI","IL","skl",14.9885746274101
"sm_test","MI","IL","unskl",2.25241970804438
"sm_test","MI","MI","skl",150.985468764216
"sm_test","MI","MI","unskl",36.9916334410953
"sm_test","MI","SD","skl",0.421317163042142
"sm_test","MI","SD","unskl",0.285211888608577
"sm_test","MI","MN","skl",5.40742850919442
"sm_test","MI","MN","unskl",1.43095133379201
"sm_test","MI","MO","skl",5.12217779750223
"sm_test","MI","MO","unskl",1.39508746340849
"sm_test","MI","IN","skl",4.11066311912253
"sm_test","MI","IN","unskl",1.2552288174889
"sm_test","MI","KS","skl",3.39448868255931
"sm_test","MI","KS","unskl",1.14025852866167
"sm_test","MI","ND","skl",0.837779550017814
"sm_test","MI","ND","unskl",0.480426646116606
"sm_test","SD","IA","skl",0.316522301375782
"sm_test","SD","IA","unskl",0.104137379525117
"sm_test","SD","OH","skl",0.42650454590947
"sm_test","SD","OH","unskl",0.122169879990579
"sm_test","SD","WI","skl",0.403832337183325
"sm_test","SD","WI","unskl",0.118679145003577
"sm_test","SD","NE","skl",0.31902424061546
"sm_test","SD","NE","unskl",0.104584106932429
"sm_test","SD","IL","skl",0.431208048891626
"sm_test","SD","IL","unskl",0.122882370855241
"sm_test","SD","MI","skl",0.417289861584346
"sm_test","SD","MI","unskl",0.120762689656335
"sm_test","SD","SD","skl",11.3727943059722
"sm_test","SD","SD","unskl",3.47783113436955
"sm_test","SD","MN","skl",0.411494329399493
"sm_test","SD","MN","unskl",0.119869659423428
"sm_test","SD","MO","skl",0.409781391509556
"sm_test","SD","MO","unskl",0.119604500604313
"sm_test","SD","IN","skl",0.401866781244168
"sm_test","SD","IN","unskl",0.11837187209831
"sm_test","SD","KS","skl",0.393586320877993
"sm_test","SD","KS","unskl",0.117068734627243
"sm_test","SD","ND","skl",0.284929283544071
"sm_test","SD","ND","unskl",0.0983022699141365
"sm_test","MN","IA","skl",1.02318809197254
"sm_test","MN","IA","unskl",0.38675009868422
"sm_test","MN","OH","skl",6.34654169764076
"sm_test","MN","OH","unskl",0.952720616771517
"sm_test","MN","WI","skl",3.33516751129016
"sm_test","MN","WI","unskl",0.70180319995717
"sm_test","MN","NE","skl",1.04875929632159
"sm_test","MN","NE","unskl",0.392126916461904
"sm_test","MN","IL","skl",7.77424877406019
"sm_test","MN","IL","unskl",1.04976822551868
"sm_test","MN","MI","skl",4.66005670852347
"sm_test","MN","MI","unskl",0.822310798263091
"sm_test","MN","SD","skl",0.395936841596871
"sm_test","MN","SD","unskl",0.213310871444722
"sm_test","MN","MN","skl",101.453986827044
"sm_test","MN","MN","unskl",19.939681079441
"sm_test","MN","MO","skl",3.81983391373943
"sm_test","MN","MO","unskl",0.74836036803139
"sm_test","MN","IN","skl",3.19950654003954
"sm_test","MN","IN","unskl",0.688128527766189
"sm_test","MN","KS","skl",2.72492488436931
"sm_test","MN","KS","unskl",0.637557751523755
"sm_test","MN","ND","skl",0.762198937548466
"sm_test","MN","ND","unskl",0.325934939220385
"sm_test","MO","IA","skl",1.01369327884411
"sm_test","MO","IA","unskl",0.460395454288089
"sm_test","MO","OH","skl",5.01207022273137
"sm_test","MO","OH","unskl",1.07928332802251
"sm_test","MO","WI","skl",2.9954532421477
"sm_test","MO","WI","unskl",0.840744422651549
"sm_test","MO","NE","skl",1.03808829714055
"sm_test","MO","NE","unskl",0.467337561928177
"sm_test","MO","IL","skl",5.79453470869253
"sm_test","MO","IL","unskl",1.15744186902243
"sm_test","MO","MI","skl",3.9509292720575
"sm_test","MO","MI","unskl",0.962492169637046
"sm_test","MO","SD","skl",0.398670657105925
"sm_test","MO","SD","unskl",0.240590176778334
"sm_test","MO","MN","skl",3.47858805587457
"sm_test","MO","MN","unskl",0.904845707684937
"sm_test","MO","MO","skl",86.2105071644468
"sm_test","MO","MO","unskl",23.3088765345641
"sm_test","MO","IN","skl",2.89082451027081
"sm_test","MO","IN","unskl",0.826017077070218
"sm_test","MO","KS","skl",2.51411611765279
"sm_test","MO","KS","unskl",0.769906292851095
"sm_test","MO","ND","skl",0.761506844409333
"sm_test","MO","ND","unskl",0.382032113643654
"sm_test","IN","IA","skl",1.04304240118464
"sm_test","IN","IA","unskl",0.503900927531514
"sm_test","IN","OH","skl",5.36850456068446
"sm_test","IN","OH","unskl",1.36200464680667
"sm_test","IN","WI","skl",3.14056790734823
"sm_test","IN","WI","unskl",0.997188623333222
"sm_test","IN","NE","skl",1.06853716955512
"sm_test","IN","NE","unskl",0.512211466018651
"sm_test","IN","IL","skl",6.2787727043435
"sm_test","IN","IL","unskl",1.49869715821155
"sm_test","IN","MI","skl",4.17901959015594
"sm_test","IN","MI","unskl",1.17550585869678
"sm_test","IN","SD","skl",0.404933943061599
"sm_test","IN","SD","unskl",0.25262912416651
"sm_test","IN","MN","skl",3.66251623838957
"sm_test","IN","MN","unskl",1.08939092970538
"sm_test","IN","MO","skl",3.53234770809565
"sm_test","IN","MO","unskl",1.06695761276534
"sm_test","IN","IN","skl",90.9773768853523
"sm_test","IN","IN","unskl",27.8603797798126
"sm_test","IN","KS","skl",2.62569690931241
"sm_test","IN","KS","unskl",0.898912594194606
"sm_test","IN","ND","skl",0.78015353143147
"sm_test","IN","ND","unskl",0.411736604981282
"sm_test","KS","IA","skl",0.741338561146096
"sm_test","KS","IA","unskl",0.270228802857821
"sm_test","KS","OH","skl",1.85815271571452
"sm_test","KS","OH","unskl",0.434872706454526
"sm_test","KS","WI","skl",1.48619743860233
"sm_test","KS","WI","unskl",0.387792937763631
"sm_test","KS","NE","skl",0.754835584583181
"sm_test","KS","NE","unskl",0.272887684154673
"sm_test","KS","IL","skl",1.95417141534447
"sm_test","KS","IL","unskl",0.446422891400327
"sm_test","KS","MI","skl",1.69086805023786
"sm_test","KS","MI","unskl",0.414220403187316
"sm_test","KS","SD","skl",0.342601323467411
"sm_test","KS","SD","unskl",0.171126755580983
"sm_test","KS","MN","skl",1.59762520994296
"sm_test","KS","MN","unskl",0.402360666510564
"sm_test","KS","MO","skl",1.57161153155752
"sm_test","KS","MO","unskl",0.399000655071881
"sm_test","KS","IN","skl",1.45954351157426
"sm_test","KS","IN","unskl",0.384236345663943
"sm_test","KS","KS","skl",39.9238492063134
"sm_test","KS","KS","unskl",10.8641704213963
"sm_test","KS","ND","skl",0.592336005014366
"sm_test","KS","ND","unskl",0.238522533958899
"sm_test","ND","IA","skl",0.298465874133151
"sm_test","ND","IA","unskl",0.0997554296630815
"sm_test","ND","OH","skl",0.398424601823633
"sm_test","ND","OH","unskl",0.118023097704879
"sm_test","ND","WI","skl",0.377788419455725
"sm_test","ND","WI","unskl",0.114392300824843
"sm_test","ND","NE","skl",0.300740887345859
"sm_test","ND","NE","unskl",0.100194839655073
"sm_test","ND","IL","skl",0.402711008190872
"sm_test","ND","IL","unskl",0.118770511719556
"sm_test","ND","MI","skl",0.39003273054157
"sm_test","ND","MI","unskl",0.116553333760905
"sm_test","ND","SD","skl",0.19974943594006
"sm_test","ND","SD","unskl",0.0788395566703088
"sm_test","ND","MN","skl",0.384758124389209
"sm_test","ND","MN","unskl",0.115624901956576
"sm_test","ND","MO","skl",0.383199630146899
"sm_test","ND","MO","unskl",0.115349867457092
"sm_test","ND","IN","skl",0.376001044518237
"sm_test","ND","IN","unskl",0.114075091563677
"sm_test","ND","KS","skl",0.368473542925755
"sm_test","ND","KS","unskl",0.112733996477855
"sm_test","ND","ND","skl",10.7116977946638
"sm_test","ND","ND","unskl",3.35608313522226
"sm_test","FL","FL","skl",291.045523698241
"sm_test","FL","FL","unskl",80.9663512815675
"sm_test","FL","MD","skl",5.26851161237842
"sm_test","FL","MD","unskl",2.396343404905
"sm_test","FL","TN","skl",1.54488917878691
"sm_test","FL","TN","unskl",0.985094341848398
"sm_test","FL","WV","skl",0.325123975273513
"sm_test","FL","WV","unskl",0.265138170667062
"sm_test","FL","OK","skl",1.99455793699873
"sm_test","FL","OK","unskl",1.20102928031652
"sm_test","FL","KY","skl",3.49763732695319
"sm_test","FL","KY","unskl",1.81589621430731
"sm_test","FL","NC","skl",16.1479955643174
"sm_test","FL","NC","unskl",4.54241209405399
"sm_test","FL","VA","skl",22.1330888420523
"sm_test","FL","VA","unskl",5.31115430483399
"sm_test","FL","DE","skl",0.518369441994023
"sm_test","FL","DE","unskl",0.399648579075168
"sm_test","FL","GA","skl",12.2924867338342
"sm_test","FL","GA","unskl",3.94365826281406
"sm_test","FL","MS","skl",1.02708599066243
"sm_test","FL","MS","unskl",0.710050146346216
"sm_test","FL","TX","skl",52.9854838912832
"sm_test","FL","TX","unskl",8.11851322415375
"sm_test","FL","AL","skl",0.984257234058574
"sm_test","FL","AL","unskl",0.685725401618906
"sm_test","FL","LA","skl",3.12100223686333
"sm_test","FL","LA","unskl",1.67456339746487
"sm_test","FL","AR","skl",0.52006246045019
"sm_test","FL","AR","unskl",0.400775847935756
"sm_test","FL","SC","skl",2.56682170596192
"sm_test","FL","SC","unskl",1.45210685409389
"sm_test","FL","DC","skl",6.60011872215743
"sm_test","FL","DC","unskl",2.76325275039648
"sm_test","MD","FL","skl",7.9701409105339
"sm_test","MD","FL","unskl",0.961500418119404
"sm_test","MD","MD","skl",125.498461963379
"sm_test","MD","MD","unskl",20.0337568237064
"sm_test","MD","TN","skl",1.24536057804875
"sm_test","MD","TN","unskl",0.425254522098163
"sm_test","MD","WV","skl",0.298327474875282
"sm_test","MD","WV","unskl",0.168719700937399
"sm_test","MD","OK","skl",1.55820428025958
"sm_test","MD","OK","unskl",0.478025774728306
"sm_test","MD","KY","skl",2.51637097888095
"sm_test","MD","KY","unskl",0.601154710949444
"sm_test","MD","NC","skl",7.75033643720707
"sm_test","MD","NC","unskl",0.951848060862889
"sm_test","MD","VA","skl",9.25766268489547
"sm_test","MD","VA","unskl",1.01358188290109
"sm_test","MD","DE","skl",0.462189433726495
"sm_test","MD","DE","unskl",0.231082216381478
"sm_test","MD","GA","skl",6.52787258457872
"sm_test","MD","GA","unskl",0.893257856686173
"sm_test","MD","MS","skl",0.864912190040172
"sm_test","MD","MS","unskl",0.34595929952446
"sm_test","MD","TX","skl",13.3740952974422
"sm_test","MD","TX","unskl",1.14341875088101
"sm_test","MD","AL","skl",0.832275790628323
"sm_test","MD","AL","unskl",0.338092981864001
"sm_test","MD","LA","skl",2.28724903388107
"sm_test","MD","LA","unskl",0.575455587919819
"sm_test","MD","AR","skl",0.463593242873915
"sm_test","MD","AR","unskl",0.231566556453918
"sm_test","MD","SC","skl",1.93737767187171
"sm_test","MD","SC","unskl",0.532189378293659
"sm_test","MD","DC","skl",4.18680253687259
"sm_test","MD","DC","unskl",0.749172214594169
"sm_test","TN","FL","skl",6.09770102598424
"sm_test","TN","FL","unskl",1.22757449712588
"sm_test","TN","MD","skl",3.24531674719408
"sm_test","TN","MD","unskl",0.919677839357783
"sm_test","TN","TN","skl",98.4320622559529
"sm_test","TN","TN","unskl",25.3632556418179
"sm_test","TN","WV","skl",0.303439049102768
"sm_test","TN","WV","unskl",0.197454555284244
"sm_test","TN","OK","skl",1.55017326483623
"sm_test","TN","OK","unskl",0.621354024394314
"sm_test","TN","KY","skl",2.41864942120967
"sm_test","TN","KY","unskl",0.7939561222185
"sm_test","TN","NC","skl",5.98512779338859
"sm_test","TN","NC","unskl",1.21756495385116
"sm_test","TN","VA","skl",6.70879550181219
"sm_test","TN","VA","unskl",1.27986311737934
"sm_test","TN","DE","skl",0.470535414070558
"sm_test","TN","DE","unskl",0.277371674571033
"sm_test","TN","GA","skl",5.31107815319177
"sm_test","TN","GA","unskl",1.15485819863306
"sm_test","TN","MS","skl",0.876688517804763
"sm_test","TN","MS","unskl",0.433482031313214
"sm_test","TN","TX","skl",8.21571509738885
"sm_test","TN","TX","unskl",1.39653882153706
"sm_test","TN","AL","skl",0.844119728874355
"sm_test","TN","AL","unskl",0.422481694903641
"sm_test","TN","LA","skl",2.21762401434203
"sm_test","TN","LA","unskl",0.758641345950148
"sm_test","TN","AR","skl",0.471964266151301
"sm_test","TN","AR","unskl",0.278006453109261
"sm_test","TN","SC","skl",1.90261286357112
"sm_test","TN","SC","unskl",0.698221925021214
"sm_test","TN","DC","skl",3.76196130133713
"sm_test","TN","DC","unskl",0.98667066445365
"sm_test","WV","FL","skl",0.787580977365419
"sm_test","WV","FL","unskl",0.230273175820973
"sm_test","WV","MD","skl",0.708870638979497
"sm_test","WV","MD","unskl",0.217372254933534
"sm_test","WV","TN","skl",0.520690267840989
"sm_test","WV","TN","unskl",0.183478793426288
"sm_test","WV","WV","skl",19.217486702549
"sm_test","WV","WV","unskl",6.30010759813131
"sm_test","WV","OK","skl",0.568770555731814
"sm_test","WV","OK","unskl",0.192671110700201
"sm_test","WV","KY","skl",0.658938002160116
"sm_test","WV","KY","unskl",0.208865681396622
"sm_test","WV","NC","skl",0.785776077701045
"sm_test","WV","NC","unskl",0.229983286416487
"sm_test","WV","VA","skl",0.79639149761086
"sm_test","WV","VA","unskl",0.231684645226088
"sm_test","WV","DE","skl",0.301492042962571
"sm_test","WV","DE","unskl",0.13346713600442
"sm_test","WV","GA","skl",0.773492566091401
"sm_test","WV","GA","unskl",0.228003616037463
"sm_test","WV","MS","skl",0.438437029312953
"sm_test","WV","MS","unskl",0.166555420759458
"sm_test","WV","TX","skl",0.812758638123269
"sm_test","WV","TX","unskl",0.234291393054472
"sm_test","WV","AL","skl",0.429677212014853
"sm_test","WV","AL","unskl",0.164645944412904
"sm_test","WV","LA","skl",0.642623585322666
"sm_test","WV","LA","unskl",0.206021645336162
"sm_test","WV","AR","skl",0.302105540004174
"sm_test","WV","AR","unskl",0.133634009414452
"sm_test","WV","SC","skl",0.612215663619365
"sm_test","WV","SC","unskl",0.200624807374674
"sm_test","WV","DC","skl",0.730726412967024
"sm_test","WV","DC","unskl",0.221011425627856
"sm_test","OK","FL","skl",2.21493191434902
"sm_test","OK","FL","unskl",0.613369077053952
"sm_test","OK","MD","skl",1.6797854590661
"sm_test","OK","MD","unskl",0.523956549850589
"sm_test","OK","TN","skl",0.910670399787319
"sm_test","OK","TN","unskl",0.366992041134345
"sm_test","OK","WV","skl",0.274666834938049
"sm_test","OK","WV","unskl",0.160372596559268
"sm_test","OK","OK","skl",44.5511733828265
"sm_test","OK","OK","unskl",14.4936879183922
"sm_test","OK","KY","skl",1.42390558394654
"sm_test","OK","KY","unskl",0.477080034753839
"sm_test","OK","NC","skl",2.20021193932621
"sm_test","OK","NC","unskl",0.61101228448143
"sm_test","OK","VA","skl",2.28885918837135
"sm_test","OK","VA","unskl",0.625143440939112
"sm_test","OK","DE","skl",0.407687135240208
"sm_test","OK","DE","unskl",0.215028528964912
"sm_test","OK","GA","skl",2.10362685055034
"sm_test","OK","GA","unskl",0.595435307099499
"sm_test","OK","MS","skl",0.690571184203405
"sm_test","OK","MS","unskl",0.308423118482759
"sm_test","OK","TX","skl",2.43609000013662
"sm_test","OK","TX","unskl",0.64832105468197
"sm_test","OK","AL","skl",0.669722813230146
"sm_test","OK","AL","unskl",0.30234116422033
"sm_test","OK","LA","skl",1.35033517852613
"sm_test","OK","LA","unskl",0.462845471702591
"sm_test","OK","AR","skl",0.408777972430288
"sm_test","OK","AR","unskl",0.215442383292406
"sm_test","OK","SC","skl",1.22404708165847
"sm_test","OK","SC","unskl",0.437410879552107
"sm_test","OK","DC","skl",1.80940690950881
"sm_test","OK","DC","unskl",0.546474901943389
"sm_test","KY","FL","skl",2.91159832113431
"sm_test","KY","FL","unskl",0.715319481243692
"sm_test","KY","MD","skl",2.06785520073995
"sm_test","KY","MD","unskl",0.602283580673211
"sm_test","KY","TN","skl",1.02316915706493
"sm_test","KY","TN","unskl",0.411276362623632
"sm_test","KY","WV","skl",0.286172309583045
"sm_test","KY","WV","unskl",0.174639008098364
"sm_test","KY","OK","skl",1.21758591421938
"sm_test","KY","OK","unskl",0.454342414214083
"sm_test","KY","KY","skl",55.6483553609577
"sm_test","KY","KY","unskl",16.6483456724411
"sm_test","KY","NC","skl",2.88696847526864
"sm_test","KY","NC","unskl",0.71229185872298
"sm_test","KY","VA","skl",3.03656861922762
"sm_test","KY","VA","unskl",0.730489664379762
"sm_test","KY","DE","skl",0.431681625242366
"sm_test","KY","DE","unskl",0.235635499031264
"sm_test","KY","GA","skl",2.72742017440902
"sm_test","KY","GA","unskl",0.692353195390813
"sm_test","KY","MS","skl",0.756136079459322
"sm_test","KY","MS","unskl",0.342433825101424
"sm_test","KY","TX","skl",3.29189059554147
"sm_test","KY","TX","unskl",0.760581272296453
"sm_test","KY","AL","skl",0.731515788744356
"sm_test","KY","AL","unskl",0.335367943128554
"sm_test","KY","LA","skl",1.59785374726248
"sm_test","KY","LA","unskl",0.526858202802217
"sm_test","KY","AR","skl",0.432893398468801
"sm_test","KY","AR","unskl",0.236101093899139
"sm_test","KY","SC","skl",1.42687994633484
"sm_test","KY","SC","unskl",0.495858704802241
"sm_test","KY","DC","skl",2.2627627295157
"sm_test","KY","DC","unskl",0.630426662807127
"sm_test","NC","FL","skl",9.27515365097995
"sm_test","NC","FL","unskl",2.2082056201445
"sm_test","NC","MD","skl",4.07526057461844
"sm_test","NC","MD","unskl",1.47465814937882
"sm_test","NC","TN","skl",1.3956115570172
"sm_test","NC","TN","unskl",0.761933261381015
"sm_test","NC","WV","skl",0.315979694405981
"sm_test","NC","WV","unskl",0.239786150906456
"sm_test","NC","OK","skl",1.76193061465229
"sm_test","NC","OK","unskl",0.892658492739502
"sm_test","NC","KY","skl",2.89299675183206
"sm_test","NC","KY","unskl",1.21694488745867
"sm_test","NC","NC","skl",146.419336178073
"sm_test","NC","NC","unskl",42.4788742429463
"sm_test","NC","VA","skl",10.7056143721
"sm_test","NC","VA","unskl",2.35781794500808
"sm_test","NC","DE","skl",0.497013099781464
"sm_test","NC","DE","unskl",0.349050659322649
"sm_test","NC","GA","skl",7.62558497003488
"sm_test","NC","GA","unskl",2.01615798252446
"sm_test","NC","MS","skl",0.954361915149132
"sm_test","NC","MS","unskl",0.579555716890392
"sm_test","NC","TX","skl",14.9571636464009
"sm_test","NC","TX","unskl",2.74205160084579
"sm_test","NC","AL","skl",0.916831747321036
"sm_test","NC","AL","unskl",0.562485768856068
"sm_test","NC","LA","skl",2.62173853765946
"sm_test","NC","LA","unskl",1.14780049256202
"sm_test","NC","AR","skl",0.4985799023483
"sm_test","NC","AR","unskl",0.349940343662489
"sm_test","NC","SC","skl",2.20833508520543
"sm_test","NC","SC","unskl",1.03280620464584
"sm_test","NC","DC","skl",4.87517800341409
"sm_test","NC","DC","unskl",1.6198064671095
"sm_test","VA","FL","skl",10.1844876196746
"sm_test","VA","FL","unskl",1.56054701754245
"sm_test","VA","MD","skl",4.02850776680634
"sm_test","VA","MD","unskl",1.03533914010109
"sm_test","VA","TN","skl",1.33978760141294
"sm_test","VA","TN","unskl",0.581273601458017
"sm_test","VA","WV","skl",0.308350763349676
"sm_test","VA","WV","unskl",0.204687117931025
"sm_test","VA","OK","skl",1.69267349594641
"sm_test","VA","OK","unskl",0.66664026289608
"sm_test","VA","KY","skl",2.80911797498458
"sm_test","VA","KY","unskl",0.871652369533714
"sm_test","VA","NC","skl",9.85495591219373
"sm_test","VA","NC","unskl",1.53865741256511
"sm_test","VA","VA","skl",161.382688656351
"sm_test","VA","VA","unskl",30.8542095471653
"sm_test","VA","DE","skl",0.48214500168674
"sm_test","VA","DE","unskl",0.289167003220954
"sm_test","VA","GA","skl",8.07130802057871
"sm_test","VA","GA","unskl",1.41131211419304
"sm_test","VA","MS","skl",0.918299472049822
"sm_test","VA","MS","unskl",0.457115794951839
"sm_test","VA","TX","skl",19.2175876026551
"sm_test","VA","TX","unskl",2.02941651079291
"sm_test","VA","AL","skl",0.882546309561044
"sm_test","VA","AL","unskl",0.445129311784285
"sm_test","VA","LA","skl",2.53718373778238
"sm_test","VA","LA","unskl",0.828259498331251
"sm_test","VA","AR","skl",0.48364441233365
"sm_test","VA","AR","unskl",0.289841550309441
"sm_test","VA","SC","skl",2.12798823629841
"sm_test","VA","SC","unskl",0.755923792466777
"sm_test","VA","DC","skl",4.88699324729663
"sm_test","VA","DC","unskl",1.13068394896162
"sm_test","DE","FL","skl",0.629854488086646
"sm_test","DE","FL","unskl",0.122815379502008
"sm_test","DE","MD","skl",0.574936970821234
"sm_test","DE","MD","unskl",0.1184623880888
"sm_test","DE","TN","skl",0.437624796299081
"sm_test","DE","TN","unskl",0.10571335277931
"sm_test","DE","WV","skl",0.198351366176008
"sm_test","DE","WV","unskl",0.0719168407496742
"sm_test","DE","OK","skl",0.473555255987984
"sm_test","DE","OK","unskl",0.109352709359192
"sm_test","DE","KY","skl",0.539352241016062
"sm_test","DE","KY","unskl",0.115438461900257
"sm_test","DE","NC","skl",0.628610806612728
"sm_test","DE","NC","unskl",0.122720666465744
"sm_test","DE","VA","skl",0.63591461100033
"sm_test","DE","VA","unskl",0.123274461049957
"sm_test","DE","DE","skl",15.8462575325941
"sm_test","DE","DE","unskl",3.55138481391813
"sm_test","DE","GA","skl",0.620128058908853
"sm_test","DE","GA","unskl",0.122070094272484
"sm_test","DE","MS","skl",0.37471862420357
"sm_test","DE","MS","unskl",0.0986815411168986
"sm_test","DE","TX","skl",0.647126946970948
"sm_test","DE","TX","unskl",0.124113402464065
"sm_test","DE","AL","skl",0.367908418804782
"sm_test","DE","AL","unskl",0.0978621062387046
"sm_test","DE","LA","skl",0.527596174612499
"sm_test","DE","LA","unskl",0.114400586308218
"sm_test","DE","AR","skl",0.266161019294306
"sm_test","DE","AR","unskl",0.0838422812984458
"sm_test","DE","SC","skl",0.505510693734482
"sm_test","DE","SC","unskl",0.112394653824276
"sm_test","DE","DC","skl",0.590328300511408
"sm_test","DE","DC","unskl",0.119718895558536
"sm_test","GA","FL","skl",9.81768616083193
"sm_test","GA","FL","unskl",2.19673196821075
"sm_test","GA","MD","skl",4.15321198961504
"sm_test","GA","MD","unskl",1.44192307799089
"sm_test","GA","TN","skl",1.39944943238521
"sm_test","GA","TN","unskl",0.737334251278601
"sm_test","GA","WV","skl",0.315326273490719
"sm_test","GA","WV","unskl",0.231807644918243
"sm_test","GA","OK","skl",1.77025793482911
"sm_test","GA","OK","unskl",0.865484401274102
"sm_test","GA","KY","skl",2.92598754094976
"sm_test","GA","KY","unskl",1.185333699347
"sm_test","GA","NC","skl",9.5363865697061
"sm_test","GA","NC","unskl",2.16751895752039
"sm_test","GA","VA","skl",11.4601034529254
"sm_test","GA","VA","unskl",2.35796438610624
"sm_test","GA","DE","skl",0.496252226195322
"sm_test","GA","DE","unskl",0.33656507437856
"sm_test","GA","GA","skl",153.852648018447
"sm_test","GA","GA","unskl",41.8678915145648
"sm_test","GA","MS","skl",0.954850773438651
"sm_test","GA","MS","unskl",0.559430886006727
"sm_test","GA","TX","skl",16.5860238577596
"sm_test","GA","TX","unskl",2.78826709345554
"sm_test","GA","AL","skl",0.917134592442905
"sm_test","GA","AL","unskl",0.542842434284232
"sm_test","GA","LA","skl",2.64724823764244
"sm_test","GA","LA","unskl",1.11689278478888
"sm_test","GA","AR","skl",0.497819563226504
"sm_test","GA","AR","unskl",0.33742022734867
"sm_test","GA","SC","skl",2.22437620868625
"sm_test","GA","SC","unskl",1.00337023878282
"sm_test","GA","DC","skl",4.99550465609215
"sm_test","GA","DC","unskl",1.58781208364594
"sm_test","MS","FL","skl",1.13207825541156
"sm_test","MS","FL","unskl",0.47590000619719
"sm_test","MS","MD","skl",0.973923849124495
"sm_test","MS","MD","unskl",0.431895161496029
"sm_test","MS","TN","skl",0.6548929467339
"sm_test","MS","TN","unskl",0.330349378706517
"sm_test","MS","WV","skl",0.246920322768938
"sm_test","MS","WV","unskl",0.158904890849961
"sm_test","MS","OK","skl",0.730211409238154
"sm_test","MS","OK","unskl",0.356216143727031
"sm_test","MS","KY","skl",0.882291517318226
"sm_test","MS","KY","unskl",0.404710747551701
"sm_test","MS","NC","skl",1.12823423129089
"sm_test","MS","NC","unskl",0.474868825746577
"sm_test","MS","VA","skl",1.1510074244571
"sm_test","MS","VA","unskl",0.480952078496139
"sm_test","MS","DE","skl",0.34832149782797
"sm_test","MS","DE","unskl",0.207828685569888
"sm_test","MS","GA","skl",1.102364013968
"sm_test","MS","GA","unskl",0.467882885964164
"sm_test","MS","MS","skl",26.1173745747958
"sm_test","MS","MS","unskl",12.0671958789755
"sm_test","MS","TX","skl",1.18691261378952
"sm_test","MS","TX","unskl",0.490422293288079
"sm_test","MS","AL","skl",0.521110216097794
"sm_test","MS","AL","unskl",0.280720938017464
"sm_test","MS","LA","skl",0.853589355645043
"sm_test","MS","LA","unskl",0.395901617556817
"sm_test","MS","AR","skl",0.349111152827035
"sm_test","MS","AR","unskl",0.208189336262886
"sm_test","MS","SC","skl",0.801554218468459
"sm_test","MS","SC","unskl",0.379539555278637
"sm_test","MS","DC","skl",1.01601510839059
"sm_test","MS","DC","unskl",0.443942081308482
"sm_test","TX","FL","skl",22.5557740891536
"sm_test","TX","FL","unskl",6.48260516774034
"sm_test","TX","MD","skl",5.76241088645608
"sm_test","TX","MD","unskl",2.88616935402864
"sm_test","TX","TN","skl",1.593109036122
"sm_test","TX","TN","unskl",1.08431914140751
"sm_test","TX","WV","skl",0.327920819470966
"sm_test","TX","WV","unskl",0.275768441448813
"sm_test","TX","OK","skl",2.07214570668912
"sm_test","TX","OK","unskl",1.34030822851148
"sm_test","TX","KY","skl",3.72189324622681
"sm_test","TX","KY","unskl",2.10721493216168
"sm_test","TX","NC","skl",21.2000892552089
"sm_test","TX","NC","unskl",6.28114759224974
"sm_test","TX","VA","skl",32.8826057755498
"sm_test","TX","VA","unskl",7.81302938570246
"sm_test","TX","DE","skl",0.524926653754367
"sm_test","TX","DE","unskl",0.421456076916136
"sm_test","TX","GA","skl",15.0526244019435
"sm_test","TX","GA","unskl",5.23857146143002
"sm_test","TX","MS","skl",1.04983487212815
"sm_test","TX","MS","unskl",0.767405414811885
"sm_test","TX","TX","skl",462.04607319024
"sm_test","TX","TX","unskl",113.709623953206
"sm_test","TX","AL","skl",1.00530255892435
"sm_test","TX","AL","unskl",0.73984796076833
"sm_test","TX","LA","skl",3.30150070501674
"sm_test","TX","LA","unskl",1.92574673821097
"sm_test","TX","AR","skl",0.526658653821018
"sm_test","TX","AR","unskl",0.422689067180623
"sm_test","TX","SC","skl",2.6914663974098
"sm_test","TX","SC","unskl",1.64646632812167
"sm_test","TX","DC","skl",7.36900954201527
"sm_test","TX","DC","unskl",3.40685110944635
"sm_test","AL","FL","skl",3.65560845484362
"sm_test","AL","FL","unskl",0.825307924946005
"sm_test","AL","MD","skl",2.40855472786088
"sm_test","AL","MD","unskl",0.68296980119529
"sm_test","AL","TN","skl",1.10245184494681
"sm_test","AL","TN","unskl",0.454553061137341
"sm_test","AL","WV","skl",0.293422089442341
"sm_test","AL","WV","unskl",0.187861405941793
"sm_test","AL","OK","skl",1.32978507904882
"sm_test","AL","OK","unskl",0.504927301534218
"sm_test","AL","KY","skl",1.92309164465128
"sm_test","AL","KY","unskl",0.612234979703321
"sm_test","AL","NC","skl",3.61607821434938
"sm_test","AL","NC","unskl",0.821401813640088
"sm_test","AL","VA","skl",3.85949724869518
"sm_test","AL","VA","unskl",0.844971800112182
"sm_test","AL","DE","skl",0.446992667707895
"sm_test","AL","DE","unskl",0.255239469289457
"sm_test","AL","GA","skl",3.36500866426649
"sm_test","AL","GA","unskl",0.795823639197414
"sm_test","AL","MS","skl",0.800115251306697
"sm_test","AL","MS","unskl",0.375317163656416
"sm_test","AL","TX","skl",4.29443136021961
"sm_test","AL","TX","unskl",0.884468143557909
"sm_test","AL","AL","skl",65.4738947216756
"sm_test","AL","AL","unskl",18.658036845994
"sm_test","AL","LA","skl",1.79393081190109
"sm_test","AL","LA","unskl",0.591196943128296
"sm_test","AL","AR","skl",0.448283820673885
"sm_test","AL","AR","unskl",0.255756562847493
"sm_test","AL","SC","skl",1.58188384640093
"sm_test","AL","SC","unskl",0.554092082344579
"sm_test","AL","DC","skl",2.67871391085812
"sm_test","AL","DC","unskl",0.717807989368086
"sm_test","LA","FL","skl",2.73668914063395
"sm_test","LA","FL","unskl",0.749585664201187
"sm_test","LA","MD","skl",1.98349682347638
"sm_test","LA","MD","unskl",0.640169532836038
"sm_test","LA","TN","skl",1.00641316555081
"sm_test","LA","TN","unskl",0.44507612717018
"sm_test","LA","WV","skl",0.286507134966371
"sm_test","LA","WV","unskl",0.190599801173758
"sm_test","LA","OK","skl",1.19206115014669
"sm_test","LA","OK","unskl",0.490009531446714
"sm_test","LA","KY","skl",1.64492931465162
"sm_test","LA","KY","unskl",0.582175069936442
"sm_test","LA","NC","skl",2.71514551475331
"sm_test","LA","NC","unskl",0.746722639665398
"sm_test","LA","VA","skl",2.84560424155595
"sm_test","LA","VA","unskl",0.76387562760255
"sm_test","LA","DE","skl",0.430710953317859
"sm_test","LA","DE","unskl",0.257356426207215
"sm_test","LA","GA","skl",2.57494559472933
"sm_test","LA","GA","unskl",0.727769912820413
"sm_test","LA","MS","skl",0.748550234804817
"sm_test","LA","MS","unskl",0.372306925606165
"sm_test","LA","TX","skl",3.06605411590175
"sm_test","LA","TX","unskl",0.791934827551602
"sm_test","LA","AL","skl",0.724607076845312
"sm_test","LA","AL","unskl",0.36477720425812
"sm_test","LA","LA","skl",53.0852761232072
"sm_test","LA","LA","unskl",17.6938668697851
"sm_test","LA","AR","skl",0.431907434933535
"sm_test","LA","AR","unskl",0.257862848117988
"sm_test","LA","SC","skl",1.38995446718265
"sm_test","LA","SC","unskl",0.532845411995803
"sm_test","LA","DC","skl",2.16028743832656
"sm_test","LA","DC","unskl",0.667880431330393
"sm_test","AR","FL","skl",1.59040639251319
"sm_test","AR","FL","unskl",0.447997048704297
"sm_test","AR","MD","skl",1.30340261137475
"sm_test","AR","MD","unskl",0.405899604399882
"sm_test","AR","TN","skl",0.791652625702934
"sm_test","AR","TN","unskl",0.310885839662548
"sm_test","AR","WV","skl",0.262795656644972
"sm_test","AR","WV","unskl",0.151404394235028
"sm_test","AR","OK","skl",0.904387678162701
"sm_test","AR","OK","unskl",0.334913310443493
"sm_test","AR","KY","skl",1.14721409859464
"sm_test","AR","KY","unskl",0.380238753759463
"sm_test","AR","NC","skl",1.58317010579875
"sm_test","AR","NC","unskl",0.44700124196423
"sm_test","AR","VA","skl",1.62622758097845
"sm_test","AR","VA","unskl",0.45288300322395
"sm_test","AR","DE","skl",0.382115416724901
"sm_test","AR","DE","unskl",0.197167288765886
"sm_test","AR","GA","skl",1.53480681327664
"sm_test","AR","GA","unskl",0.440267537838824
"sm_test","AR","MS","skl",0.620294918018557
"sm_test","AR","MS","unskl",0.269369093403525
"sm_test","AR","TX","skl",1.69503339928556
"sm_test","AR","TX","unskl",0.462074727486806
"sm_test","AR","AL","skl",0.60344145673712
"sm_test","AR","AL","unskl",0.264889629241056
"sm_test","AR","LA","skl",1.0998205073907
"sm_test","AR","LA","unskl",0.371968140003359
"sm_test","AR","AR","skl",34.1220370257923
"sm_test","AR","AR","unskl",11.3087876647014
"sm_test","AR","SC","skl",1.01575750051472
"sm_test","AR","SC","unskl",0.356654447749474
"sm_test","AR","DC","skl",1.3776355785932
"sm_test","AR","DC","unskl",0.41734863605335
"sm_test","SC","FL","skl",3.85081457860632
"sm_test","SC","FL","unskl",0.813143237639403
"sm_test","SC","MD","skl",2.48563654156483
"sm_test","SC","MD","unskl",0.65627180389126
"sm_test","SC","TN","skl",1.11203987512645
"sm_test","SC","TN","unskl",0.427650328454124
"sm_test","SC","WV","skl",0.292404417071601
"sm_test","SC","WV","unskl",0.174964725938401
"sm_test","SC","OK","skl",1.34658318269435
"sm_test","SC","OK","unskl",0.476587087046417
"sm_test","SC","KY","skl",1.96782419278213
"sm_test","SC","KY","unskl",0.583272308783485
"sm_test","SC","NC","skl",3.80683893386241
"sm_test","SC","NC","unskl",0.808615921345414
"sm_test","SC","VA","skl",4.07826625504028
"sm_test","SC","VA","unskl",0.836151541135563
"sm_test","SC","DE","skl",0.446317214906932
"sm_test","SC","DE","unskl",0.237967949457245
"sm_test","SC","GA","skl",3.52855720875419
"sm_test","SC","GA","unskl",0.779315301618415
"sm_test","SC","MS","skl",0.803090758770986
"sm_test","SC","MS","unskl",0.351625767280418
"sm_test","SC","TX","skl",4.56694482772298
"sm_test","SC","TX","unskl",0.883528255170245
"sm_test","SC","AL","skl",0.775327688423585
"sm_test","SC","AL","unskl",0.343956763794907
"sm_test","SC","LA","skl",1.83147234303643
"sm_test","SC","LA","unskl",0.562025732638399
"sm_test","SC","AR","skl",0.447614290688684
"sm_test","SC","AR","unskl",0.238453787240481
"sm_test","SC","SC","skl",68.7057170023062
"sm_test","SC","SC","unskl",18.1332162613488
"sm_test","SC","DC","skl",2.77729056917673
"sm_test","SC","DC","unskl",0.693281992825822
"sm_test","DC","FL","skl",0.958896623401346
"sm_test","DC","FL","unskl",0.0926644278139724
"sm_test","DC","MD","skl",0.806942051472473
"sm_test","DC","MD","unskl",0.0886152728964111
"sm_test","DC","TN","skl",0.524175401171194
"sm_test","DC","TN","unskl",0.0783046834479976
"sm_test","DC","WV","skl",0.200766812094215
"sm_test","DC","WV","unskl",0.0549443751260972
"sm_test","DC","OK","skl",0.588131865636651
"sm_test","DC","OK","unskl",0.0810887629209983
"sm_test","DC","KY","skl",0.722495452908793
"sm_test","DC","KY","unskl",0.08600450327991
"sm_test","DC","NC","skl",0.955111075593429
"sm_test","DC","NC","unskl",0.0925717565336948
"sm_test","DC","VA","skl",0.977603649277581
"sm_test","DC","VA","unskl",0.0931172769629836
"sm_test","DC","DE","skl",0.278659723776813
"sm_test","DC","DE","unskl",0.0628357186495389
"sm_test","DC","GA","skl",0.929752593974776
"sm_test","DC","GA","unskl",0.0919410861079208
"sm_test","DC","MS","skl",0.424448368626849
"sm_test","DC","MS","unskl",0.0731519179818279
"sm_test","DC","TX","skl",1.01338927746779
"sm_test","DC","TX","unskl",0.0939602864128667
"sm_test","DC","AL","skl",0.414443772205528
"sm_test","DC","AL","unskl",0.0725668112663083
"sm_test","DC","LA","skl",0.696587613914256
"sm_test","DC","LA","unskl",0.0851377305265954
"sm_test","DC","AR","skl",0.279269292445909
"sm_test","DC","AR","unskl",0.06288896403669
"sm_test","DC","SC","skl",0.650274285543041
"sm_test","DC","SC","unskl",0.08349820115737
"sm_test","DC","DC","skl",21.8908307331848
"sm_test","DC","DC","unskl",2.67851288934485
"sm_test","RI","RI","skl",19.4980051218534
"sm_test","RI","RI","unskl",4.09957991641243
"sm_test","RI","NH","skl",0.459853295553203
"sm_test","RI","NH","unskl",0.156289208964635
"sm_test","RI","CT","skl",1.26238761532228
"sm_test","RI","CT","unskl",0.247037552720412
"sm_test","RI","ME","skl",0.580286991405832
"sm_test","RI","ME","unskl",0.175371137901532
"sm_test","RI","MA","skl",1.55120077626102
"sm_test","RI","MA","unskl",0.268083721987844
"sm_test","RI","VT","skl",0.254001833714788
"sm_test","RI","VT","unskl",0.11262925596101
"sm_test","RI","NY","skl",1.68054035657417
"sm_test","RI","NY","unskl",0.276469132007207
"sm_test","RI","NJ","skl",1.44130751303354
"sm_test","RI","NJ","unskl",0.260487011758823
"sm_test","RI","PA","skl",1.51334880881523
"sm_test","RI","PA","unskl",0.265518813328496
"sm_test","NH","RI","skl",0.488314068606602
"sm_test","NH","RI","unskl",0.159084732710135
"sm_test","NH","NH","skl",25.6188217261307
"sm_test","NH","NH","unskl",4.59681808695991
"sm_test","NH","CT","skl",1.62444932744976
"sm_test","NH","CT","unskl",0.280597384793261
"sm_test","NH","ME","skl",0.642060384566612
"sm_test","NH","ME","unskl",0.183434952351829
"sm_test","NH","MA","skl",2.15441624649548
"sm_test","NH","MA","unskl",0.315171038316412
"sm_test","NH","VT","skl",0.264328795102128
"sm_test","NH","VT","unskl",0.111018881209357
"sm_test","NH","NY","skl",2.42294366616187
"sm_test","NH","NY","unskl",0.330179670498357
"sm_test","NH","NJ","skl",1.94239484865589
"sm_test","NH","NJ","unskl",0.302224403949611
"sm_test","NH","PA","skl",2.07981808442542
"sm_test","NH","PA","unskl",0.310734937256628
"sm_test","CT","RI","skl",0.619173196955442
"sm_test","CT","RI","unskl",0.305211668992681
"sm_test","CT","NH","skl",0.632384967354247
"sm_test","CT","NH","unskl",0.309510251781518
"sm_test","CT","CT","skl",69.893803683266
"sm_test","CT","CT","unskl",13.1618219250326
"sm_test","CT","ME","skl",0.861586607851655
"sm_test","CT","ME","unskl",0.377329432597492
"sm_test","CT","MA","skl",6.43210082424442
"sm_test","CT","MA","unskl",1.03149271230084
"sm_test","CT","VT","skl",0.307303220458552
"sm_test","CT","VT","unskl",0.1861229049121
"sm_test","CT","NY","skl",9.58980810961332
"sm_test","CT","NY","unskl",1.20538773108682
"sm_test","CT","NJ","skl",4.90100410583168
"sm_test","CT","NJ","unskl",0.920654906001135
"sm_test","CT","PA","skl",5.82853668317582
"sm_test","CT","PA","unskl",0.990514410355955
"sm_test","ME","RI","skl",0.442454535183571
"sm_test","ME","RI","unskl",0.188122537500771
"sm_test","ME","NH","skl",0.449338322342499
"sm_test","ME","NH","unskl",0.189893255213799
"sm_test","ME","CT","skl",1.08750049383842
"sm_test","ME","CT","unskl",0.313285418761876
"sm_test","ME","ME","skl",16.7959176230231
"sm_test","ME","ME","unskl",5.15038629176065
"sm_test","ME","MA","skl",1.27331192942871
"sm_test","ME","MA","unskl",0.341602051290712
"sm_test","ME","VT","skl",0.254083881991121
"sm_test","ME","VT","unskl",0.131738828889411
"sm_test","ME","NY","skl",1.34996085345681
"sm_test","ME","NY","unskl",0.352835584928883
"sm_test","ME","NJ","skl",1.20506801582211
"sm_test","ME","NJ","unskl",0.331400294005343
"sm_test","ME","PA","skl",1.25013568621907
"sm_test","ME","PA","unskl",0.338160169457812
"sm_test","MA","RI","skl",0.665202507743823
"sm_test","MA","RI","unskl",0.398121440645746
"sm_test","MA","NH","skl",0.680175427256955
"sm_test","MA","NH","unskl",0.404780375815344
"sm_test","MA","CT","skl",4.49966411545828
"sm_test","MA","CT","unskl",1.28900724699693
"sm_test","MA","ME","skl",0.944671488645655
"sm_test","MA","ME","unskl",0.513614056700561
"sm_test","MA","MA","skl",155.782156475908
"sm_test","MA","MA","unskl",24.2900724664652
"sm_test","MA","VT","skl",0.320690453157801
"sm_test","MA","VT","unskl",0.225038441506361
"sm_test","MA","NY","skl",35.0541861214638
"sm_test","MA","NY","unskl",2.93497484372531
"sm_test","MA","NJ","skl",7.66780598509736
"sm_test","MA","NJ","unskl",1.64231883103123
"sm_test","MA","PA","skl",10.1655836506829
"sm_test","MA","PA","unskl",1.85162445830582
"sm_test","VT","RI","skl",0.338166211425397
"sm_test","VT","RI","unskl",0.0980776584692639
"sm_test","VT","NH","skl",0.34246880514081
"sm_test","VT","NH","unskl",0.0986945463920404
"sm_test","VT","CT","skl",0.659267324853823
"sm_test","VT","CT","unskl",0.134282255085688
"sm_test","VT","ME","skl",0.407202658802915
"sm_test","VT","ME","unskl",0.107381742774059
"sm_test","VT","MA","skl",0.72775170412982
"sm_test","VT","MA","unskl",0.140382243124368
"sm_test","VT","VT","skl",10.2913228803338
"sm_test","VT","VT","unskl",2.29554921697084
"sm_test","VT","NY","skl",0.753650601244714
"sm_test","VT","NY","unskl",0.142593655285444
"sm_test","VT","NJ","skl",0.703577444743851
"sm_test","VT","NJ","unskl",0.138272500502191
"sm_test","VT","PA","skl",0.719662940598466
"sm_test","VT","PA","unskl",0.139681337531535
"sm_test","NY","RI","skl",0.717952491839161
"sm_test","NY","RI","unskl",0.559387590631086
"sm_test","NY","NH","skl",0.735020439147823
"sm_test","NY","NH","unskl",0.570892694944941
"sm_test","NY","CT","skl",6.04422231318966
"sm_test","NY","CT","unskl",2.94391659163732
"sm_test","NY","ME","skl",1.04217774947841
"sm_test","NY","ME","unskl",0.768954492583601
"sm_test","NY","MA","skl",24.4936562238551
"sm_test","NY","MA","unskl",6.46600391484955
"sm_test","NY","VT","skl",0.335380257344725
"sm_test","NY","VT","unskl",0.28338838603276
"sm_test","NY","NY","skl",472.502145580621
"sm_test","NY","NY","unskl",77.1547683904969
"sm_test","NY","NJ","skl",11.9868719667717
"sm_test","NY","NJ","unskl",4.48266771119243
"sm_test","NY","PA","skl",18.1530548526425
"sm_test","NY","PA","unskl",5.58918897342107
"sm_test","NJ","RI","skl",0.678661519219682
"sm_test","NJ","RI","unskl",0.42419816675257
"sm_test","NJ","NH","skl",0.694170484350667
"sm_test","NJ","NH","unskl",0.431732247745254
"sm_test","NJ","CT","skl",4.75521506771462
"sm_test","NJ","CT","unskl",1.55398234814387
"sm_test","NJ","ME","skl",0.969334712986454
"sm_test","NJ","ME","unskl",0.557092456890695
"sm_test","NJ","MA","skl",13.1888709624386
"sm_test","NJ","MA","unskl",2.50007314691448
"sm_test","NJ","VT","skl",0.324316348697298
"sm_test","NJ","VT","unskl",0.23363914647192
"sm_test","NJ","NY","skl",42.5195433042182
"sm_test","NJ","NY","unskl",3.7868526843966
"sm_test","NJ","NJ","skl",176.583816928831
"sm_test","NJ","NJ","unskl",29.8533396004635
"sm_test","NJ","PA","skl",10.9560359960142
"sm_test","NJ","PA","unskl",2.31216209019408
"sm_test","PA","RI","skl",0.694482698802907
"sm_test","PA","RI","unskl",0.475155092961068
"sm_test","PA","NH","skl",0.710606487032204
"sm_test","PA","NH","unskl",0.484146179925168
"sm_test","PA","CT","skl",5.16687279792047
"sm_test","PA","CT","unskl",2.0336245384308
"sm_test","PA","ME","skl",0.998260837428835
"sm_test","PA","ME","unskl",0.636394864534149
"sm_test","PA","MA","skl",15.4486161444835
"sm_test","PA","MA","unskl",3.62432019472597
"sm_test","PA","VT","skl",0.328900623016772
"sm_test","PA","VT","unskl",0.253338299440611
"sm_test","PA","NY","skl",59.1368518274251
"sm_test","PA","NY","unskl",6.70607585742122
"sm_test","PA","NJ","skl",9.20413438412183
"sm_test","PA","NJ","unskl",2.80362294512795
"sm_test","PA","PA","skl",224.606702164723
"sm_test","PA","PA","unskl",43.8230402145691
"sm_test","AK","AK","skl",11.9335026034218
"sm_test","AK","AK","unskl",2.68966535225876
"sm_test","AK","AZ","skl",0.612851641022935
"sm_test","AK","AZ","unskl",0.126650205529147
"sm_test","AK","NM","skl",0.441813076524285
"sm_test","AK","NM","unskl",0.107081732019192
"sm_test","AK","HI","skl",0.631079366458032
"sm_test","AK","HI","unskl",0.128607286982646
"sm_test","AK","CA","skl",0.694782007911863
"sm_test","AK","CA","unskl",0.13531204544744
"sm_test","AK","WA","skl",0.669039499746407
"sm_test","AK","WA","unskl",0.132626106389098
"sm_test","AK","NV","skl",0.617650380092554
"sm_test","AK","NV","unskl",0.127167274625588
"sm_test","AK","OR","skl",0.505258305556037
"sm_test","AK","OR","unskl",0.114644434440558
"sm_test","AK","ID","skl",0.159399264423388
"sm_test","AK","ID","unskl",0.0624832121043023
"sm_test","AK","UT","skl",0.4812224514152
"sm_test","AK","UT","unskl",0.111830538519468
"sm_test","AK","MT","skl",0.210158785411969
"sm_test","AK","MT","unskl",0.0729100249114785
"sm_test","AK","WY","skl",0.231346836030529
"sm_test","AK","WY","unskl",0.0767763453991099
"sm_test","AK","CO","skl",0.631450966482589
"sm_test","AK","CO","unskl",0.128646992566683
"sm_test","AZ","AK","skl",1.73339969657382
"sm_test","AZ","AK","unskl",0.820492539943397
"sm_test","AZ","AZ","skl",92.9932221763198
"sm_test","AZ","AZ","unskl",27.0879176506825
"sm_test","AZ","NM","skl",1.24588108337409
"sm_test","AZ","NM","unskl",0.655929857683104
"sm_test","AZ","HI","skl",4.91711088451463
"sm_test","AZ","HI","unskl",1.51372194147975
"sm_test","AZ","CA","skl",15.8166166798527
"sm_test","AZ","CA","unskl",2.86424643819096
"sm_test","AZ","WA","skl",8.44687582111819
"sm_test","AZ","WA","unskl",2.01207911139692
"sm_test","AZ","NV","skl",4.25449294791485
"sm_test","AZ","NV","unskl",1.40041802061449
"sm_test","AZ","OR","skl",1.80260496041684
"sm_test","AZ","OR","unskl",0.841733177685099
"sm_test","AZ","ID","skl",0.226944300781231
"sm_test","AZ","ID","unskl",0.172588604819311
"sm_test","AZ","UT","skl",1.55985111221618
"sm_test","AZ","UT","unskl",0.765079853263223
"sm_test","AZ","MT","skl",0.331220351128059
"sm_test","AZ","MT","unskl",0.237103413954744
"sm_test","AZ","WY","skl",0.380921722721235
"sm_test","AZ","WY","unskl",0.265915233239311
"sm_test","AZ","CO","skl",4.93805402152037
"sm_test","AZ","CO","unskl",1.51715143013729
"sm_test","NM","AK","skl",0.850700218314529
"sm_test","NM","AK","unskl",0.31814336493201
"sm_test","NM","AZ","skl",1.20869936312233
"sm_test","NM","AZ","unskl",0.384666546902738
"sm_test","NM","NM","skl",22.2429747714862
"sm_test","NM","NM","unskl",7.65934256096237
"sm_test","NM","HI","skl",1.27760982615555
"sm_test","NM","HI","unskl",0.396238058207894
"sm_test","NM","CA","skl",1.55338097707136
"sm_test","NM","CA","unskl",0.440123186539456
"sm_test","NM","WA","skl",1.43470974981646
"sm_test","NM","WA","unskl",0.42164367255529
"sm_test","NM","NV","skl",1.2264663763555
"sm_test","NM","NV","unskl",0.387678632335423
"sm_test","NM","OR","skl",0.868029573452068
"sm_test","NM","OR","unskl",0.321694175780654
"sm_test","NM","ID","skl",0.195070728280492
"sm_test","NM","ID","unskl",0.123181467868148
"sm_test","NM","UT","skl",0.804184926960419
"sm_test","NM","UT","unskl",0.308390811666101
"sm_test","NM","MT","skl",0.269450892084711
"sm_test","NM","MT","unskl",0.155591918896282
"sm_test","NM","WY","skl",0.302353492461635
"sm_test","NM","WY","unskl",0.168540303913927
"sm_test","NM","CO","skl",1.27905542983087
"sm_test","NM","CO","unskl",0.39647775374814
"sm_test","HI","AK","skl",0.866596080547646
"sm_test","HI","AK","unskl",0.186448608370928
"sm_test","HI","AZ","skl",1.31694099706541
"sm_test","HI","AZ","unskl",0.219058855762031
"sm_test","HI","NM","skl",0.705051597905927
"sm_test","HI","NM","unskl",0.170879457961524
"sm_test","HI","HI","skl",24.4616224624014
"sm_test","HI","HI","unskl",4.49586723817743
"sm_test","HI","CA","skl",1.84354382594793
"sm_test","HI","CA","unskl",0.245676589358142
"sm_test","HI","WA","skl",1.64912412511457
"sm_test","HI","WA","unskl",0.236861551205976
"sm_test","HI","NV","skl",1.34149270753382
"sm_test","HI","NV","unskl",0.220518127438777
"sm_test","HI","OR","skl",0.8867213041813
"sm_test","HI","OR","unskl",0.188205918262498
"sm_test","HI","ID","skl",0.186962870521353
"sm_test","HI","ID","unskl",0.0842582424665028
"sm_test","HI","UT","skl",0.813284198948731
"sm_test","HI","UT","unskl",0.181613128167389
"sm_test","HI","MT","skl",0.258308839463408
"sm_test","HI","MT","unskl",0.102673416094872
"sm_test","HI","WY","skl",0.290142135466433
"sm_test","HI","WY","unskl",0.109782874496132
"sm_test","HI","CO","skl",1.41562015612459
"sm_test","HI","CO","unskl",0.224771628180689
"sm_test","CA","AK","skl",2.15590436849681
"sm_test","CA","AK","unskl",1.56535001203141
"sm_test","CA","AZ","skl",6.51063899088936
"sm_test","CA","AZ","unskl",3.89667692851137
"sm_test","CA","NM","skl",1.46893414579182
"sm_test","CA","NM","unskl",1.12540056635531
"sm_test","CA","HI","skl",8.74827607699629
"sm_test","CA","HI","unskl",4.91341834147927
"sm_test","CA","CA","skl",967.208420363231
"sm_test","CA","CA","unskl",155.554904786927
"sm_test","CA","WA","skl",26.0030055646293
"sm_test","CA","WA","unskl",10.6651515222172
"sm_test","CA","NV","skl",6.99106873370489
"sm_test","CA","NV","unskl",4.1230807873254
"sm_test","CA","OR","skl",2.25887419106535
"sm_test","CA","OR","unskl",1.62865742106828
"sm_test","CA","ID","skl",0.236439161010093
"sm_test","CA","ID","unskl",0.210533473494949
"sm_test","CA","UT","skl",1.90374637144766
"sm_test","CA","UT","unskl",1.40764124036968
"sm_test","CA","MT","skl",0.350260269432195
"sm_test","CA","MT","unskl",0.306094841824968
"sm_test","CA","WY","skl",0.405529962519506
"sm_test","CA","WY","unskl",0.351358858550947
"sm_test","CA","CO","skl",8.80828071011434
"sm_test","CA","CO","unskl",4.93942172365537
"sm_test","WA","AK","skl",1.77806537813263
"sm_test","WA","AK","unskl",0.709222905507068
"sm_test","WA","AZ","skl",4.52859062748431
"sm_test","WA","AZ","unskl",1.17520489958571
"sm_test","WA","NM","skl",1.26099802883889
"sm_test","WA","NM","unskl",0.572750366357736
"sm_test","WA","HI","skl",5.70092903173691
"sm_test","WA","HI","unskl",1.31669177038212
"sm_test","WA","CA","skl",40.0349323900118
"sm_test","WA","CA","unskl",3.52035106660315
"sm_test","WA","WA","skl",151.364937065116
"sm_test","WA","WA","unskl",25.9199170808728
"sm_test","WA","NV","skl",4.79166954077881
"sm_test","WA","NV","unskl",1.20864768881404
"sm_test","WA","OR","skl",1.85289233152466
"sm_test","WA","OR","unskl",0.726809639771704
"sm_test","WA","ID","skl",0.225728387355548
"sm_test","WA","ID","unskl",0.158702980238007
"sm_test","WA","UT","skl",1.59203102772343
"sm_test","WA","UT","unskl",0.663346321402854
"sm_test","WA","MT","skl",0.329650562086515
"sm_test","WA","MT","unskl",0.215547774320484
"sm_test","WA","WY","skl",0.37929674454814
"sm_test","WA","WY","unskl",0.240763458705143
"sm_test","WA","CO","skl",5.7306038189069
"sm_test","WA","CO","unskl",1.32004890245177
"sm_test","NV","AK","skl",1.20372412968753
"sm_test","NV","AK","unskl",0.45960988857287
"sm_test","NV","AZ","skl",2.07019495970556
"sm_test","NV","AZ","unskl",0.623287191105957
"sm_test","NV","NM","skl",0.937375934376945
"sm_test","NV","NM","unskl",0.396245851806005
"sm_test","NV","HI","skl",2.28460663890834
"sm_test","NV","HI","unskl",0.658430664699075
"sm_test","NV","CA","skl",3.40399591222936
"sm_test","NV","CA","unskl",0.828826260556697
"sm_test","NV","WA","skl",2.86054723334047
"sm_test","NV","WA","unskl",0.747947406321099
"sm_test","NV","NV","skl",38.3423509139075
"sm_test","NV","NV","unskl",12.0882371768253
"sm_test","NV","OR","skl",1.23838435213093
"sm_test","NV","OR","unskl",0.467215328546601
"sm_test","NV","ID","skl",0.210779732503985
"sm_test","NV","ID","unskl",0.138845457544295
"sm_test","NV","UT","skl",1.11352974281587
"sm_test","NV","UT","unskl",0.439189874214877
"sm_test","NV","MT","skl",0.29959489523959
"sm_test","NV","MT","unskl",0.181952412069022
"sm_test","NV","WY","skl",0.340453810375198
"sm_test","NV","WY","unskl",0.200125059312826
"sm_test","NV","CO","skl",2.28932340398734
"sm_test","NV","CO","unskl",0.659189717368568
"sm_test","OR","AK","skl",1.50937837063391
"sm_test","OR","AK","unskl",0.534367403305398
"sm_test","OR","AZ","skl",3.18283662244173
"sm_test","OR","AZ","unskl",0.779257497817344
"sm_test","OR","NM","skl",1.11378391843541
"sm_test","OR","NM","unskl",0.451289191718591
"sm_test","OR","HI","skl",3.72524626344852
"sm_test","OR","HI","unskl",0.840810791930781
"sm_test","OR","CA","skl",8.18680655685622
"sm_test","OR","CA","unskl",1.23582014092499
"sm_test","OR","WA","skl",5.5830824630267
"sm_test","OR","WA","unskl",1.02267482128186
"sm_test","OR","NV","skl",3.31191754556526
"sm_test","OR","NV","unskl",0.794399938243628
"sm_test","OR","OR","skl",63.1607503056029
"sm_test","OR","OR","unskl",15.1102042712359
"sm_test","OR","ID","skl",0.219383619093372
"sm_test","OR","ID","unskl",0.148913174371655
"sm_test","OR","UT","skl",1.37051379123766
"sm_test","OR","UT","unskl",0.507066979340713
"sm_test","OR","MT","skl",0.316658312674911
"sm_test","OR","MT","unskl",0.1969092761705
"sm_test","OR","WY","skl",0.362414565585228
"sm_test","OR","WY","unskl",0.217361329734732
"sm_test","OR","CO","skl",3.73793592306134
"sm_test","OR","CO","unskl",0.842190524291641
"sm_test","ID","AK","skl",0.868452559565464
"sm_test","ID","AK","unskl",0.279883666853464
"sm_test","ID","AZ","skl",1.24911346833981
"sm_test","ID","AZ","unskl",0.343106645056595
"sm_test","ID","NM","skl",0.718184517949912
"sm_test","ID","NM","unskl",0.251191042823671
"sm_test","ID","HI","skl",1.32342628429432
"sm_test","ID","HI","unskl",0.354448244560902
"sm_test","ID","CA","skl",1.62430445909462
"sm_test","ID","CA","unskl",0.398451254291608
"sm_test","ID","WA","skl",1.49413576893278
"sm_test","ID","WA","unskl",0.37972853773376
"sm_test","ID","NV","skl",1.26824071385413
"sm_test","ID","NV","unskl",0.346048668866137
"sm_test","ID","OR","skl",0.886673724009899
"sm_test","ID","OR","unskl",0.283178032399758
"sm_test","ID","ID","skl",22.5022118343478
"sm_test","ID","ID","unskl",6.7013882691239
"sm_test","ID","UT","skl",0.819645379559418
"sm_test","ID","UT","unskl",0.270878423536709
"sm_test","ID","MT","skl",0.269346880166568
"sm_test","ID","MT","unskl",0.13592642395558
"sm_test","ID","WY","skl",0.302613150185377
"sm_test","ID","WY","unskl",0.147065190538253
"sm_test","ID","CO","skl",1.32498891851682
"sm_test","ID","CO","unskl",0.354684288397529
"sm_test","UT","AK","skl",1.33773717109444
"sm_test","UT","AK","unskl",0.435100440440773
"sm_test","UT","AZ","skl",2.52211422324204
"sm_test","UT","AZ","unskl",0.60582296696567
"sm_test","UT","NM","skl",1.01433489534614
"sm_test","UT","NM","unskl",0.372135517033934
"sm_test","UT","HI","skl",2.85041076369916
"sm_test","UT","HI","unskl",0.644324543605582
"sm_test","UT","CA","skl",4.83862437380047
"sm_test","UT","CA","unskl",0.842630976677207
"sm_test","UT","WA","skl",3.81191438328771
"sm_test","UT","WA","unskl",0.745931757382124
"sm_test","UT","NV","skl",2.60246309073299
"sm_test","UT","NV","unskl",0.615480177591675
"sm_test","UT","OR","skl",1.38112065151934
"sm_test","UT","OR","unskl",0.442760289661523
"sm_test","UT","ID","skl",0.2130276642744
"sm_test","UT","ID","unskl",0.127800328363907
"sm_test","UT","UT","skl",46.8144181658301
"sm_test","UT","UT","unskl",11.6239347955744
"sm_test","UT","MT","skl",0.305212639038434
"sm_test","UT","MT","unskl",0.167725586129248
"sm_test","UT","WY","skl",0.34812776564474
"sm_test","UT","WY","unskl",0.184669574487485
"sm_test","UT","CO","skl",2.85780499545489
"sm_test","UT","CO","unskl",0.64516436990584
"sm_test","MT","AK","skl",0.568101833104889
"sm_test","MT","AK","unskl",0.162805872900676
"sm_test","MT","AZ","skl",0.716253500614785
"sm_test","MT","AZ","unskl",0.184264369721286
"sm_test","MT","NM","skl",0.497040705665216
"sm_test","MT","NM","unskl",0.151651096526489
"sm_test","MT","HI","skl",0.740784864381391
"sm_test","MT","HI","unskl",0.187654587221122
"sm_test","MT","CA","skl",0.828506067688095
"sm_test","MT","CA","unskl",0.199520568415346
"sm_test","MT","WA","skl",0.792675551901094
"sm_test","MT","WA","unskl",0.194717107143264
"sm_test","MT","NV","skl",0.722688095435119
"sm_test","MT","NV","unskl",0.185157154930078
"sm_test","MT","OR","skl",0.576177188639922
"sm_test","MT","OR","unskl",0.164030657897383
"sm_test","MT","ID","skl",0.169516785024382
"sm_test","MT","ID","unskl",0.0813174516976069
"sm_test","MT","UT","skl",0.545913581503586
"sm_test","MT","UT","unskl",0.159398911169819
"sm_test","MT","MT","skl",13.5385065961616
"sm_test","MT","MT","unskl",3.80591216384971
"sm_test","MT","WY","skl",0.249675432909463
"sm_test","MT","WY","unskl",0.103383615208386
"sm_test","MT","CO","skl",0.741287503257806
"sm_test","MT","CO","unskl",0.187723683518556
"sm_test","WY","AK","skl",0.317294557545939
"sm_test","WY","AK","unskl",0.100662978173056
"sm_test","WY","AZ","skl",0.360579658172517
"sm_test","WY","AZ","unskl",0.108420435299836
"sm_test","WY","NM","skl",0.293015638277614
"sm_test","WY","NM","unskl",0.096162901573654
"sm_test","WY","HI","skl",0.366941426932833
"sm_test","WY","HI","unskl",0.109538153226342
"sm_test","WY","CA","skl",0.388115581588281
"sm_test","WY","CA","unskl",0.113225743423411
"sm_test","WY","WA","skl",0.379750021916706
"sm_test","WY","WA","unskl",0.111774442620127
"sm_test","WY","NV","skl",0.36226824407182
"sm_test","WY","NV","unskl",0.108717588914525
"sm_test","WY","OR","skl",0.319894639314526
"sm_test","WY","OR","unskl",0.101137710833814
"sm_test","WY","ID","skl",0.134869009750163
"sm_test","WY","ID","unskl",0.0609507190817334
"sm_test","WY","UT","skl",0.309989512092235
"sm_test","WY","UT","unskl",0.0993221520194369
"sm_test","WY","MT","skl",0.169325635501435
"sm_test","WY","MT","unskl",0.070004772858224
"sm_test","WY","WY","skl",7.30347174201657
"sm_test","WY","WY","unskl",2.34385456253116
"sm_test","WY","CO","skl",0.367069657839918
"sm_test","WY","CO","unskl",0.109560631412521
"sm_test","CO","AK","skl",1.73756337649845
"sm_test","CO","AK","unskl",0.671668784182732
"sm_test","CO","AZ","skl",4.24498704481105
"sm_test","CO","AZ","unskl",1.09711741684283
"sm_test","CO","NM","skl",1.24068785044523
"sm_test","CO","NM","unskl",0.544123435117854
"sm_test","CO","HI","skl",5.24630954949562
"sm_test","CO","HI","unskl",1.2190737935308
"sm_test","CO","CA","skl",24.0261228469318
"sm_test","CO","CA","unskl",2.46796716691026
"sm_test","CO","WA","skl",9.85421593195653
"sm_test","CO","WA","unskl",1.64895249996037
"sm_test","CO","NV","skl",4.47303703179415
"sm_test","CO","NV","unskl",1.12637450296073
"sm_test","CO","OR","skl",1.80881822776332
"sm_test","CO","OR","unskl",0.688065402875637
"sm_test","CO","ID","skl",0.224675676423685
"sm_test","CO","ID","unskl",0.153405955282399
"sm_test","CO","UT","skl",1.55968813408104
"sm_test","CO","UT","unskl",0.628849145633068
"sm_test","CO","MT","skl",0.327754208364922
"sm_test","CO","MT","unskl",0.207546909162973
"sm_test","CO","WY","skl",0.376922866178217
"sm_test","CO","WY","unskl",0.231501273881299
"sm_test","CO","CO","skl",113.149083349009
"sm_test","CO","CO","unskl",22.3946607827954
